{"cameraMode":{"drawMode":0,"name":"Shaded","section":"Shading Mode"},"sceneLighting":true,"audioPlay":false,"sceneViewState":{"m_AlwaysRefresh":false,"showFog":true,"showSkybox":true,"showFlares":true,"showImageEffects":true,"showParticleSystems":true,"showVisualEffectGraphs":true,"m_FxEnabled":true},"in2DMode":false,"pivot":{"x":2.7587201595306398,"y":-7.547301292419434,"z":-5.1232171058654789},"rotation":{"x":0.14416617155075074,"y":0.8436006307601929,"z":-0.43533220887184145,"w":0.2793697118759155},"size":11.237872123718262,"orthographic":false}